Time (s),EEG,ECG
0.0,0.24835707650561634,0.27987108731720045
0.01001001001001001,0.5191618146152127,0.2477800266270357
0.02002002002002002,1.275288743733523,0.1373841041643309
0.03003003003003003,1.7119866855041244,0.058179297834722365
0.04004004004004004,0.46867139018017123,0.38857821718960966
0.050050050050050046,-0.12021321068232627,0.38801313847321883
0.06006006006006006,0.19877237274773807,0.5475140388157964
0.07007007007007007,-0.5686904183079973,0.5532119727088293
0.08008008008008008,-1.1842268333222894,0.6921050768659147
0.09009009009009009,-0.3119163754132915,0.42925760092526877
0.10010010010010009,-0.2254194130901641,0.8517727783276702
0.11011011011011011,0.360503385052492,0.6774768316915918
0.12012012012012012,1.0743428081604462,1.100149265008834
0.13013013013013014,-0.008141988769103659,0.591690527504275
0.14014014014014015,-0.2818199668279111,1.1182669733317747
0.15015015015015015,-0.29057783684638333,0.8491533200332736
0.16016016016016016,-1.1023121808011098,0.714583108232928
0.17017017017017017,-0.7971824674311115,0.7800441084222891
0.18018018018018017,-1.4015092844810357,0.8412390379437324
0.19019019019019018,-1.2842276101680175,1.0150489201089874
0.20020020020020018,0.7454030022995166,1.0560115722902768
0.21021021021021022,0.4855309361476593,0.8541707824484338
0.22022022022022023,0.989005259942249,0.9776746684704313
0.23023023023023023,0.23411289662812407,1.4207490393771862
0.24024024024024024,0.3033154905072998,1.3436290060582887
0.2502502502502503,0.03973825579789163,1.0872634977634037
0.2602602602602603,-1.1764324228742744,1.0055234106618833
0.2702702702702703,-0.7683177255664148,1.015906700602529
0.2802802802802803,-1.245786717553266,1.1046593338435902
0.2902902902902903,-0.7187791295386593,0.7635694398624379
0.3003003003003003,-0.2819860013302309,0.8989964498154427
0.3103103103103103,1.529585331317894,0.5953401581788449
0.3203203203203203,0.9503342436293041,0.983812907983072
0.3303303303303303,0.41558294090287917,1.0047440886183612
0.34034034034034033,0.9816244466294983,0.7465428799263476
0.35035035035035034,-0.6324332089117375,1.1225184867318136
0.36036036036036034,-0.501519078761168,0.5239148739738488
0.37037037037037035,-1.9378245742553766,0.4344986655310849
0.38038038038038036,-1.6074931227207974,0.7276932808751835
0.39039039039039036,-0.46933546816014693,0.8449517463668152
0.40040040040040037,0.3943885353870782,0.9225336158334133
0.41041041041041043,0.6941336615892013,0.44187090782833416
0.42042042042042044,0.9010625535305299,0.695173328975069
0.43043043043043044,0.7918006137396747,0.4156289621563931
0.44044044044044045,-0.17408642841832156,0.33102465183705515
0.45045045045045046,-0.38822096228047137,0.4830560071041179
0.46046046046046046,-0.8412615340253172,0.3763511614365345
0.47047047047047047,-0.43121328124373115,-0.13080162459335737
0.4804804804804805,-0.7694863607452735,0.41764559432363646
0.4904904904904905,-1.4440975358998047,0.33573273571270024
0.5005005005005005,0.19348417561651893,-0.12825727250964233
0.5105105105105106,0.4208875940585055,0.013169213060861149
0.5205205205205206,0.6221916022693421,-0.029771258025321184
0.5305305305305306,1.2460673851301933,-0.1385198918682831
0.5405405405405406,1.0754745473855731,-0.36203909215420926
0.5505505505505506,0.4310548467462793,-0.4466297178190999
0.5605605605605606,-1.0355180151784995,-0.3765078480058574
0.5705705705705706,-1.1161274981727327,-0.19447455021045335
0.5805805805805806,-0.7735219619179867,-0.37622710579860114
0.5905905905905906,-0.06959401270046017,-0.6130790887774376
0.6006006006006006,-0.20185922624392683,-0.43649429287628905
0.6106106106106106,0.5255541935843062,-1.2100839507990409
0.6206206206206206,0.4092130222336189,-0.45763134855468945
0.6306306306306306,0.33996551485583193,-1.0796180818572982
0.6406406406406406,0.9610157655812152,-0.845560981669344
0.6506506506506506,0.6372498148447006,-1.0353471653880948
0.6606606606606606,-0.6568570556334086,-1.1054811854742415
0.6706706706706707,-0.46146374194789963,-0.6461636211070644
0.6806806806806807,-0.7561566867436231,-1.0001800030392674
0.6906906906906907,-0.8746935236556328,-0.8620645131137107
0.7007007007007007,0.22470990477658623,-0.9617918986602881
0.7107107107107107,1.3923324511711979,-0.8742758662130634
0.7207207207207207,0.9461573272611734,-0.9677613395836531
0.7307307307307307,1.7181931334608178,-1.249278131721234
0.7407407407407407,-0.7603635739740642,-0.7990547943818402
0.7507507507507507,0.36379768283531033,-1.0987401911079766
0.7607607607607607,-0.5822466427327156,-1.3090315689282117
0.7707707707707707,-1.114404643927671,-1.0771191257905672
0.7807807807807807,-0.8888782683994008,-0.6812042226266977
0.7907907907907907,-1.540663332794077,-0.7972911999745919
0.8008008008008007,-0.05954137355539556,-1.0192200672363856
0.8108108108108109,0.8067762830515152,-0.9977405681601951
0.8208208208208209,1.7046690706861123,-0.9669461379125103
0.8308308308308309,0.6745016544740213,-0.4584302732005603
0.8408408408408409,0.13999656318498405,-0.7650982068537397
0.8508508508508509,-0.3043135957853253,-0.7198547875194552
0.8608608608608609,-0.1729625461915184,-0.5609975040492305
0.8708708708708709,-0.8021580227281983,-0.6774541669550945
0.8808808808808809,-1.1973857393632263,-0.7323104205193931
0.8908908908908909,-0.28496875499151225,-0.6723709457438172
0.9009009009009009,0.10511382385781047,-0.597516649089086
0.9109109109109109,1.117423471193263,-0.5384300474312887
0.9209209209209209,0.6163090014586147,-0.3311491407190319
0.9309309309309309,0.7675342161609701,-0.41009033610775447
0.9409409409409409,0.3429021457941392,-0.21609319833855142
0.950950950950951,-0.7914719389492654,-0.319472264496343
0.960960960960961,-0.48747194731209165,-0.22711014731536927
0.970970970970971,-0.8376003168121743,-0.5810252727790732
0.980980980980981,-0.9276590025073745,0.06404972620432292
0.990990990990991,-0.6535982099249591,0.012722645995805817
1.001001001001001,-0.6448320809807235,0.20589145528799835
1.011011011011011,0.42763424937043226,-0.5101220310439527
1.021021021021021,0.7975535249727663,0.5493702297917695
1.031031031031031,0.5279183383435521,0.1658228256058629
1.0410410410410411,0.45300490456911624,0.4766566397478143
1.0510510510510511,0.13603393478064874,0.10730975315039648
1.0610610610610611,0.3027175239322406,0.4968697809365327
1.0710710710710711,-0.8823951252417674,0.22117574037856644
1.0810810810810811,-0.7991138319351291,0.3629411516744735
1.0910910910910911,-0.5682085580123978,0.924408742321547
1.1011011011011012,-0.8902565630547309,0.5552317816849511
1.1111111111111112,0.6295306719619336,0.6862741843224838
1.1211211211211212,1.0005627954903107,0.8636786351160131
1.1311311311311312,2.158332961647928,0.8329517028712488
1.1411411411411412,0.4321377063554915,0.8051475099083167
1.1511511511511512,0.07850775924622266,0.8862393857169782
1.1611611611611612,-0.662549320791311,1.3288978169604573
1.1711711711711712,-1.5555407710801408,0.8683042364097119
1.1811811811811812,-0.35411421166416546,0.9481818692225397
1.1911911911911912,-0.14967903628793033,1.1426365166812298
1.2012012012012012,0.470918038103927,1.1744668589690264
1.2112112112112112,0.1928991542400248,1.207853751631873
1.2212212212212212,1.673343364920283,1.111442170585447
1.2312312312312312,0.22340464818116912,0.7644536065942709
1.2412412412412412,0.816396265115942,1.3251723783307416
1.2512512512512513,1.0166903413393265,0.7707000172640094
1.2612612612612613,-1.1452540856189843,1.0580248896423063
1.2712712712712713,-1.255829919504544,0.840226776665148
1.2812812812812813,-0.8732999166504909,0.9679192479014415
1.2912912912912913,-0.7720225390396782,1.0322860596187378
1.3013013013013013,-0.6936596136698611,1.01276957664985
1.3113113113113113,0.6866540239248021,1.0110960562523423
1.3213213213213213,0.4422544238929492,1.2240032993576744
1.3313313313313313,1.1587081050028185,0.9629530583222822
1.3413413413413413,0.05788444334498405,0.7909507734004106
1.3513513513513513,0.6901612780332707,0.9968145640246124
1.3613613613613613,-1.0463793446078444,1.0029268952428183
1.3713713713713713,-1.1351526385415742,0.4775216210341119
1.3813813813813813,-0.5139304543680285,0.7976743497846386
1.3913913913913913,-1.1303354484577928,0.770898153504737
1.4014014014014013,0.20166887571312117,0.5211262487566083
1.4114114114114114,1.3106977624103977,0.8034595514083761
1.4214214214214214,0.1710862293939187,0.4438971051839382
1.4314314314314314,1.0117740606563614,0.4427395029007754
1.4414414414414414,0.6421463250773363,0.32507436478776297
1.4514514514514514,0.2998404132020279,0.3034466871280447
1.4614614614614614,-1.2779689289749254,0.020530366118695742
1.4714714714714714,-1.6357524790239764,-0.1097185053608816
1.4814814814814814,-0.657245324071827,0.4349939267702255
1.4914914914914914,-0.36100916366728564,-0.11595719567060786
1.5015015015015014,0.21944866150055636,-0.20771254211715667
1.5115115115115114,0.8350783445783484,-0.5029439346413289
1.5215215215215214,0.6361984901851818,-0.2626043295444842
1.5315315315315314,1.0330928503765204,-0.4614429001492034
1.5415415415415414,0.6533292706176261,0.07034346259842472
1.5515515515515514,-0.4545082273814696,-0.11631029702378115
1.5615615615615615,0.26867889476676765,-0.5148593333383129
1.5715715715715715,-0.7399714149055975,0.01579407991446735
1.5815815815815815,-1.5113585771014966,-0.2940848305181009
1.5915915915915915,-0.17580275147441815,-0.6092096413333032
1.6016016016016015,-0.3868789972615043,-1.095777763608611
1.6116116116116117,1.0600982150535987,-0.1870049214205457
1.6216216216216217,1.5568530284513882,-0.9698533623302652
1.6316316316316317,0.5040974402693115,-1.065027816875482
1.6416416416416417,0.9830491572097706,-0.572532913080361
1.6516516516516517,0.10280029963600185,-0.3271226602184074
1.6616616616616617,-0.25786679374709914,-0.5730215574885826
1.6716716716716717,-0.029816443806235826,-0.7685364880993353
1.6816816816816818,-1.0358553851744172,-0.7903245094808308
1.6916916916916918,-0.8755057534197355,-0.7629536518547845
1.7017017017017018,-0.33803974944140347,-0.8025204157713959
1.7117117117117118,0.26332607685818166,-0.9149634674765015
1.7217217217217218,0.9403101027068086,-0.9634165856429934
1.7317317317317318,1.0824510117233581,-1.005938296297715
1.7417417417417418,0.6342547183494058,-1.1494470288497918
1.7517517517517518,0.3037479129755073,-1.0560744435736487
1.7617617617617618,-0.6670579809479144,-1.3358619022119098
1.7717717717717718,-0.25273226080245836,-1.0103259239283815
1.7817817817817818,-1.0429081202110138,-1.1778461761523604
1.7917917917917918,0.8669085213953329,-1.186439911758509
1.8018018018018018,0.4258025453115718,-0.911518416489734
1.8118118118118118,0.24730119515453342,-0.6471251616527585
1.8218218218218218,0.4446817056916189,-0.7162307293228556
1.8318318318318318,1.1505115854354848,-1.1848040208897628
1.8418418418418419,0.3787065352534924,-1.0359962260192948
1.8518518518518519,0.2409073329208145,-0.613968955157401
1.8618618618618619,-0.44157552352789364,-0.9595013130791894
1.8718718718718719,-1.0171613735484757,-0.7657938489239909
1.8818818818818819,-1.3313589189137502,-0.5658695535577691
1.8918918918918919,-1.2451185561565719,-0.8218888882683695
1.901901901901902,-0.10404166729734467,-0.5570006582711784
1.911911911911912,1.1087013885169816,-0.7924506516149623
1.921921921921922,1.0884030528186595,-0.591410237873261
1.931931931931932,0.2837703734209007,-0.3508083942768995
1.941941941941942,0.571537599643079,-0.6753514351205667
1.951951951951952,0.07032116548596329,-0.20923488907509313
1.961961961961962,-1.1247316352637526,-0.24065877007701608
1.971971971971972,-0.9050931863247416,-0.0646984523684407
1.981981981981982,-0.8762041403595998,-0.06818604461614129
1.991991991991992,-1.0536796827173673,0.22253351563140247
2.002002002002002,0.304351710354441,0.037623518368322846
2.012012012012012,0.9654893536678992,-0.010479043642648136
2.022022022022022,1.5240712085102663,0.16238683857911174
2.032032032032032,1.4308693094794622,0.30856679103208234
2.042042042042042,-0.20939752168974501,0.2708685244772298
2.052052052052052,-0.5974898152394387,0.3293716819249214
2.062062062062062,-0.4298668550247855,0.23974146056224563
2.0720720720720722,-0.7262327423396009,0.30494282694671515
2.0820820820820822,-0.6450952845160085,0.21265500753953653
2.0920920920920922,1.4496906958809346,0.8967942241310152
2.1021021021021022,0.41714054418220703,0.3496464393126701
2.1121121121121122,1.25744790906856,0.5090118420782133
2.1221221221221223,1.4606970079262105,0.5505243530268829
2.1321321321321323,1.226956671198846,0.9170584070212275
2.1421421421421423,0.3162736002702766,0.7200326499250862
2.1521521521521523,0.2446726302400583,1.0664394517276519
2.1621621621621623,-1.0783514762463244,0.7168310128845375
2.1721721721721723,-1.1026661098033759,0.9385987451693801
2.1821821821821823,-1.1425758244378637,0.7435102929400838
2.1921921921921923,-0.4301996393898455,1.3637884822218287
2.2022022022022023,1.2952566213094185,0.7177214737923845
2.2122122122122123,-0.239426790155145,1.0339103514976395
2.2222222222222223,1.3279378481994661,1.1115631291986277
2.2322322322322323,0.09216022052503892,1.0765347474957236
2.2422422422422423,0.2323946034379405,0.9617547424517277
2.2522522522522523,0.40343396655876185,0.9739357318200639
2.2622622622622623,-0.6643258685014906,1.0057957141745122
2.2722722722722724,-1.5242213494322692,0.9608238531655007
2.2822822822822824,-1.2547852305722995,1.1722751227400987
2.2922922922922924,-0.1257808573266237,1.4070055690130094
2.3023023023023024,-0.22102938479061685,0.8349886327332857
2.3123123123123124,0.8069483571433487,0.6503695836614931
2.3223223223223224,1.008666343399301,0.8808617464496163
2.3323323323323324,0.5699395498823521,1.3850948591328622
2.3423423423423424,1.534766367629974,0.6756158953718305
2.3523523523523524,0.16969440653887996,1.128064683742846
2.3623623623623624,-1.7135366300964088,1.096507488476956
2.3723723723723724,-0.8931749793110022,0.6079664765269391
2.3823823823823824,-1.2252304455152179,0.7873555427239214
2.3923923923923924,-0.03378767000049393,0.9514495014775137
2.4024024024024024,-0.24588554740240973,0.49968130457239224
2.4124124124124124,0.645836458347236,0.4822516461953308
2.4224224224224224,1.2394077345433887,0.35202435354293204
2.4324324324324325,1.3258034552346296,0.2089499021054191
2.4424424424424425,-0.14293840084880627,0.22395761011313825
2.4524524524524525,-0.32073366981668566,0.04953780196683097
2.4624624624624625,-0.9429097227264265,0.24049138961609762
2.4724724724724725,-1.3140809097436434,0.018104836552441855
2.4824824824824825,-0.00877855255773996,0.15660089390065024
2.4924924924924925,-0.25191989096441025,-0.2640255598884197
2.5025025025025025,-0.4738522130389784,0.05045300738585179
2.5125125125125125,1.1665934524138817,0.08816832075611616
2.5225225225225225,2.048986825446492,-0.5397884604392101
2.5325325325325325,1.4063093010974879,-0.12817613805724543
2.5425425425425425,-0.30807778660009316,-0.01859707082194695
2.5525525525525525,-0.401811964220681,-0.56615799922261
2.5625625625625625,-0.07642531770112027,-0.04853209523562546
2.5725725725725725,-1.3422261234428634,-0.35654481106140923
2.5825825825825826,-0.6667291525792413,-0.6369116898360706
2.5925925925925926,-0.06148215348579478,-0.5606627936023469
2.6026026026026026,-0.3006667236239499,-0.48927025165877863
2.6126126126126126,0.6823296074001223,-0.6347848447711624
2.6226226226226226,-0.6317693902711016,-0.5887146795599465
2.6326326326326326,0.3749984537414627,-0.9243264153178159
2.6426426426426426,0.31970264998850473,-0.7471183028387014
2.6526526526526526,-0.7897920775511267,-1.1014437537468238
2.6626626626626626,0.10190901553880594,-0.8754189454631329
2.6726726726726726,-1.7043980786338078,-1.065054311301736
2.6826826826826826,-1.1057591517450291,-1.058981012832986
2.6926926926926926,-0.37779957200109715,-0.6886526705117239
2.7027027027027026,0.8896374648548867,-0.7379047106203969
2.7127127127127126,-0.0014371521069519444,-0.8508534305217246
2.7227227227227226,1.5713625918012597,-1.2038115134021323
2.7327327327327327,0.8893893135185832,-1.0574020474288994
2.7427427427427427,-0.050405712589357,-0.7563410197629907
2.7527527527527527,0.05895225436746715,-0.9715070442303196
2.7627627627627627,-0.6191542770818016,-0.5329205321606955
2.7727727727727727,-1.290332692070595,-0.911117147844909
2.7827827827827827,-0.847898870229613,-0.9404511341158553
2.7927927927927927,-0.6301798088877915,-1.0258936396566511
2.8028028028028027,0.23195511587748358,-0.918759191637408
2.8128128128128127,1.0519325561851005,-0.953619566470422
2.8228228228228227,1.783666406642106,-0.7555116406045967
2.8328328328328327,0.2624105626963894,-0.6762530243086851
2.8428428428428427,1.501209768482544,-0.9918206403494079
2.8528528528528527,-1.154335570919209,-1.0645981293859619
2.8628628628628627,-0.7989357315792871,-1.1261643660887484
2.8728728728728727,-0.6969233434267283,-0.6148956581002767
2.8828828828828827,-0.7393320619489242,-0.8919045405756794
2.8928928928928928,-0.7432086129236173,-1.0538922865287148
2.9029029029029028,0.07732401069398673,-0.4952165337358281
2.9129129129129128,0.478711531430961,-0.021684808495021413
2.9229229229229228,0.6968137151252749,-0.46679391410193594
2.932932932932933,1.3031300270932829,-0.2413354870504205
2.942942942942943,0.6075280970448553,-0.3345041791418201
2.952952952952953,-0.530931604433812,-0.31109689391377787
2.962962962962963,-0.27757370385641705,-0.046800574144888085
2.972972972972973,-0.8382506748205707,-0.22705572915958044
2.982982982982983,-0.4703902158136796,-0.05323900255697889
2.992992992992993,-0.11136319141064238,0.020327459216817473
3.003003003003003,-0.2269308520852151,-0.11475078594414573
3.013013013013013,0.4494375710236913,0.2800805717705087
3.023023023023023,1.365941770216442,0.10916197972887462
3.033033033033033,1.1804900333945558,0.054916679513122235
3.043043043043043,0.41287985907448166,0.3744645848486012
3.053053053053053,-0.13199095337864883,0.14750944449956388
3.063063063063063,-0.09284287820744763,0.39158579046915126
3.073073073073073,-1.2884653813014315,0.44134606131528287
3.083083083083083,-0.6002311793277243,0.715816784407305
3.093093093093093,-0.5215758394861907,0.6470732929290591
3.103103103103103,0.08490014962325415,0.5984408473143963
3.113113113113113,1.2832037512703178,0.8159257963618478
3.123123123123123,1.4057627636343815,0.9767605721558275
3.133133133133133,1.2790010160198109,0.8538646030159798
3.143143143143143,1.070363615783643,0.7850211501771377
3.153153153153153,-0.18632302065131182,0.5581353286370545
3.163163163163163,-0.39497158183661063,0.6417871586918505
3.173173173173173,-1.1485530490145366,0.8246919675255953
3.183183183183183,-0.708620723920916,0.7912588867411263
3.193193193193193,-0.4798363082892688,0.8995804386703476
3.203203203203203,0.24840516772114102,0.9684128409776915
3.2132132132132134,1.0356520443507982,1.0793448316273493
3.2232232232232234,0.5846645863886881,0.9717806678355778
3.2332332332332334,1.9153466294447288,1.091756284520518
3.2432432432432434,-0.09110744250585667,1.0119938491667058
3.2532532532532534,-0.8100817584206239,0.6046977809931522
3.2632632632632634,-0.16113625995190617,0.8086625241865858
3.2732732732732734,-0.5982890105084704,0.9605098785091702
3.2832832832832834,-0.555533579141528,0.7362739865649868
3.2932932932932935,-0.09486088730861564,1.083215936893153
3.3033033033033035,0.199942324988251,1.2505885718495688
3.3133133133133135,0.29367535600270317,1.1656642600246887
3.3233233233233235,1.0323582348521418,0.8530511494992139
3.3333333333333335,0.5274445480283774,1.1641706311544289
3.3433433433433435,0.8937218572633399,0.8626199250811952
3.3533533533533535,-0.2826706236886438,0.7290366652813205
3.3633633633633635,-1.1571546442846785,0.6341912192968049
3.3733733733733735,-1.1554746403090823,0.6538026991293961
3.3833833833833835,-0.6579830283220518,0.5912615100360942
3.3933933933933935,-0.6851485988859685,0.6549352393183412
3.4034034034034035,-0.1988941116007093,0.6024667867878738
3.4134134134134135,0.868345794074006,0.5182057644925603
3.4234234234234235,1.1175809310046267,0.5501819569165675
3.4334334334334335,0.6093919706003696,0.644291245511742
3.4434434434434436,0.16488751335865034,0.5378343397825495
3.4534534534534536,-0.09926317206626212,-0.008670403417758543
3.4634634634634636,-1.4726331190836448,-0.28322946210430877
3.4734734734734736,-1.6991356177222885,0.3527644688165674
3.4834834834834836,-1.2204919385654567,-0.16978557585084617
3.4934934934934936,-0.5042466259398264,-0.0040828809378233855
3.5035035035035036,0.37381184904365683,-0.2560339891380983
3.5135135135135136,1.4883504137275054,-0.44520201199151244
3.5235235235235236,1.4245297833078479,-0.03897255897918342
3.5335335335335336,0.7796983151990297,-0.057310900877038384
3.5435435435435436,0.3851273987980944,-0.38549380102912695
3.5535535535535536,-0.7226905146404641,-0.8483815088298169
3.5635635635635636,-0.7620028064941491,-0.4980976182418827
3.5735735735735736,-1.1403156854991732,-0.36762592460456583
3.5835835835835836,-0.6966975506866452,-0.7971434063424312
3.5935935935935936,-0.8053595244965649,-0.5180808704282859
3.6036036036036037,0.48416466575815065,-0.6090128460981477
3.6136136136136137,1.5211821840620812,-0.5388943985195181
3.6236236236236237,0.9418828364701244,-0.6770492630847654
3.6336336336336337,1.0572934569428236,-0.9390198340647293
3.6436436436436437,0.7339207244469579,-0.5455887415535058
3.6536536536536537,-0.4281650008189839,-0.8540020962042033
3.6636636636636637,-0.644825511099771,-0.8618985037953323
3.6736736736736737,-0.9902334025594375,-1.0738458662232435
3.6836836836836837,-0.805971842032507,-1.0030950496834667
3.6936936936936937,-0.772454450923058,-1.1150293697015454
3.7037037037037037,0.24287095787191398,-0.9925787243001732
3.7137137137137137,1.0079224370908144,-0.6317801844102675
3.7237237237237237,1.722358244054555,-1.2607823652819856
3.7337337337337337,1.3328091462359977,-1.3174939990579335
3.7437437437437437,1.4596378013589502,-0.7049934266973579
3.7537537537537538,-0.6173484774082711,-1.0415866097007622
3.7637637637637638,-0.3248070073013234,-1.1300774584305378
3.7737737737737738,-0.9053624169095136,-0.7808833422842204
3.7837837837837838,0.24337232887551874,-1.0986783468950592
3.793793793793794,-0.7842889408011848,-0.5971785665272464
3.803803803803804,-0.1831297107987229,-0.8078149240037271
3.813813813813814,0.46330751164950545,-1.0182713446820044
3.823823823823824,-0.06467732278207217,-0.46287557047792716
3.833833833833834,0.5869986103503166,-0.9855917400605332
3.843843843843844,-0.002337066474058569,-0.6827228079138327
3.853853853853854,-0.16458849025960898,-0.7346897878311456
3.863863863863864,-0.5941548095692939,-0.49446446968103924
3.873873873873874,-0.05941237698655666,-0.3997900460856569
3.883883883883884,-0.3730027808197776,-0.6601550833692202
3.893893893893894,-0.6627668277552228,-0.7690672559854533
3.903903903903904,-0.2063701502955959,-0.4757716575068854
3.913913913913914,1.013013780608848,-0.6504463641912344
3.923923923923924,0.3375985856859398,-0.05732688789328644
3.933933933933934,1.7622742732572427,-0.3759792562674366
3.943943943943944,0.9611170941682221,-0.4180378440570147
3.953953953953954,-0.48047441180619,-0.24836050490107012
3.963963963963964,-1.6256352711197462,-0.4939166665435134
3.973973973973974,-0.3209865279455357,-0.3571213198672256
3.983983983983984,-0.9021366315821365,0.13962094373671669
3.993993993993994,0.25043276117646224,-0.16910674847299623
4.004004004004004,-0.5482802749302855,-0.18422695114701143
4.014014014014014,0.47138670122184145,0.19526945891651967
4.024024024024024,1.000742221897238,0.3875156527465379
4.034034034034034,0.8666704692685928,0.3560067483155235
4.044044044044044,0.1405173760855977,0.47242769076963187
4.054054054054054,0.059446904788626354,0.18178077702816525
4.064064064064064,-1.3068830080800304,0.1073819193720289
4.074074074074074,-1.0694979007819163,0.7490659105915602
4.084084084084084,-0.7813374814440894,0.4395435880228985
4.094094094094094,-0.10540179675227462,0.5071999729706342
4.104104104104104,0.6108275154447722,0.8740883493640306
4.114114114114114,0.212742682960677,0.7683723871493201
4.124124124124124,0.23142898650271215,0.7943822334970054
4.134134134134134,1.4786205114077877,1.1795026573082694
4.1441441441441444,0.5258457356343219,0.6581440492955621
4.1541541541541545,-0.6323028377071354,1.0096496817196128
4.1641641641641645,-0.0014710117210313678,0.8694594558351055
4.1741741741741745,-0.9408167939300274,0.9423573224250068
4.1841841841841845,-0.2484220066733115,1.2214005137826753
4.1941941941941945,-0.3229934477091759,1.0407208288776926
4.2042042042042045,1.2914704728530817,1.0665459105345767
4.2142142142142145,1.6566930068050922,1.1893293141364951
4.2242242242242245,0.8743301999877323,0.9139235491445832
4.2342342342342345,1.322136284442957,0.8272557119824648
4.2442442442442445,0.6765010939189193,0.7903842976577743
4.2542542542542545,0.4201849094495767,0.6063714497870298
4.2642642642642645,-1.2634521979359632,1.4072277920271687
4.2742742742742745,-0.6559348297596074,0.7677497174891361
4.2842842842842845,-0.30541050482303134,0.9326371506443379
4.2942942942942945,-1.2302397940629026,0.906158650269341
4.3043043043043046,-0.32446664019838334,1.0038338010961392
4.314314314314315,-0.23666546267159927,1.082604573898065
4.324324324324325,0.8643955489824019,1.0650205558215173
4.334334334334335,1.1916575615387675,0.746248070572143
4.344344344344345,1.099102038742268,0.7959647687677999
4.354354354354355,-0.23314433067392368,0.8491508808393439
4.364364364364365,0.029404730899223686,0.7030080132612464
4.374374374374375,-1.6892782213035265,1.0313500074984279
4.384384384384385,-1.682833101993257,0.7624033511332646
4.394394394394395,-0.3727473832428782,0.7628848107771429
4.404404404404405,0.46525087807814014,0.6977508204988747
4.414414414414415,0.7705003213245557,0.7468996994501782
4.424424424424425,-0.03437491355795663,0.4934141144198189
4.434434434434435,0.7848290917686795,0.1410402765766357
4.444444444444445,-0.3102146069267714,0.42195773367619777
4.454454454454455,0.05859439003593264,0.1520097417156061
4.464464464464465,-0.6054854443842141,0.11570249597160745
4.474474474474475,-1.4693947909927474,0.2769677315385672
4.484484484484485,-1.0845615972710738,0.34498913265502834
4.494494494494495,-0.8686701314391458,0.03883952815903122
4.504504504504505,0.24792333465624783,0.03346774443667571
4.514514514514515,1.2682847991657142,0.24937196624040728
4.524524524524525,0.5066907520539923,-0.10533241599850265
4.534534534534535,1.077882238722466,0.30504848209098806
4.544544544544545,0.07097443535599879,-0.16313995525276664
4.554554554554555,-0.678717536605139,-0.6882557963733812
4.564564564564565,-0.8461500707189598,-0.24396717852853309
4.574574574574575,-1.517263928871917,-0.37537551940033875
4.584584584584585,-1.1009063087769613,-0.24884248315172303
4.594594594594595,-0.9320787410364932,-0.4253385158836037
4.604604604604605,1.2676591325322313,-0.6386333453421783
4.614614614614615,0.8121800798982987,-0.90435322079377
4.624624624624625,0.6498591202740958,-0.7472417186031569
4.634634634634635,0.9292861369659313,-0.91869503917685
4.644644644644645,0.2740090255554415,-0.9048892573935757
4.654654654654655,-0.3987939900388118,-0.7081433000794213
4.664664664664665,-0.4893705094832018,-0.5256866793104642
4.674674674674675,-0.6210372392402733,-0.81114236485731
4.684684684684685,-1.0857531489123673,-1.1561426142030493
4.694694694694695,-0.6151121611801397,-0.8513087070657303
4.704704704704705,0.15379311469969525,-0.7204480970240588
4.714714714714715,-0.3526090436934064,-1.0974807533457152
4.724724724724725,0.24225489585902482,-1.0142197267913724
4.734734734734735,1.5021379880880787,-0.9924660915881732
4.744744744744745,1.1467136522349954,-1.1564345604455175
4.754754754754755,-0.4188438750974869,-0.8698976884529922
4.764764764764765,-0.5119628411261579,-1.019889601428394
4.774774774774775,-0.8442747944949811,-0.9040022381587725
4.784784784784785,0.72254936703472,-1.1537092865348497
4.794794794794795,0.23853411203315372,-1.0481442624870032
4.804804804804805,0.2333710409267966,-0.7968192339639487
4.814814814814815,0.32435297245483463,-0.9927827372986282
4.824824824824825,0.19671626807150766,-0.5461129024516036
4.834834834834835,0.9168049594198724,-0.9411970650621518
4.844844844844845,-0.05990165774984385,-0.7826911934523544
4.854854854854855,-1.0114577324105867,-0.6041954725404759
4.864864864864865,-1.1272835724882022,-1.0343454518393305
4.874874874874875,-1.5407430976749443,-1.0598242412826615
4.884884884884885,0.030323632312545756,-0.9669855027438885
4.894894894894895,0.1255289398992152,-0.3609119135812265
4.904904904904905,0.29934262781630877,-0.6729490873969273
4.914914914914915,1.5458351864026754,0.0021383568497769234
4.924924924924925,1.0386730282995231,-0.567260266176355
4.934934934934935,0.3807710857987428,-0.36061278944450503
4.944944944944945,1.0738670828663341,-0.030641379981102335
4.954954954954955,-0.03686899776443653,0.12195569433899273
4.964964964964965,-1.3263442112370232,0.1939426490826328
4.974974974974975,-1.0951681028704012,0.08508348199007004
4.984984984984985,-1.2473802900331368,0.11061026883466599
4.994994994994995,-1.0007159268710613,0.0870631989211163
5.005005005005005,0.7724048351546636,0.18711440615244543
5.015015015015015,1.7642794835757922,-0.016034906938082613
5.025025025025025,0.3007149769190268,-0.007050012555905372
5.035035035035035,1.0892057524191114,0.21768317476245397
5.045045045045045,-0.01899726495409726,0.24522595878784387
5.055055055055055,-0.5558677361138031,0.24841776062922016
5.065065065065065,-1.1076101485822782,0.5368005395752532
5.075075075075075,-1.4319842593156222,0.6454717881589773
5.085085085085085,-0.7816023029852802,0.5271828775422409
5.095095095095095,-0.7188040066801326,0.8580834744294881
5.105105105105105,0.4505193514654332,0.3850909114399572
5.115115115115115,0.7881281304991705,0.6231223479739241
5.125125125125125,0.880495072434542,0.564298014765941
5.135135135135135,0.3502152993461378,0.37736498183811285
5.145145145145145,0.011945212327579502,0.7741775017465525
5.155155155155155,0.059421898020566466,0.8032786369260755
5.165165165165165,-0.5646145476740727,1.1639597765876561
5.175175175175175,-1.4887170505995693,1.0176680096092372
5.185185185185185,-0.7524570400404322,0.7133787420144327
5.195195195195195,0.07836372501871841,1.3121140187963398
5.205205205205205,-0.5134492968765475,1.204859341527392
5.215215215215215,1.0885711333828687,1.0926303916681523
5.225225225225225,0.6685879922938258,0.9426119071702108
5.235235235235235,1.0855406569506185,0.8038121243621414
5.245245245245245,-0.08730372295196442,0.9251124200075534
5.255255255255255,-1.2266708458166167,1.2172046217699066
5.265265265265265,-1.6324720733074,1.3723209917209345
5.275275275275275,-0.97580795362761,1.2960649991112265
5.285285285285285,-0.6684902878136769,0.8777542881245844
5.295295295295295,-0.7434772758277721,0.7358509076953883
5.305305305305305,0.6464992702464366,0.9684064900920001
5.315315315315315,-0.010257456027406686,0.5632781286834445
5.325325325325325,0.9667511949402687,0.954710213658862
5.335335335335335,0.19094575962371807,0.8301470629210129
5.345345345345345,-0.03760886362882865,0.732651680589894
5.355355355355355,-0.3064737147425995,0.4698439539792735
5.365365365365365,-1.2525028642407665,0.8513109696489372
5.375375375375375,-1.1919996463853024,0.5988968992135714
5.385385385385385,-0.2914018993052462,0.4255102063938411
5.395395395395395,-0.5737425008356617,0.03648970588909273
5.405405405405405,0.7509858507745899,0.5544718051274703
5.415415415415415,0.2592282287745312,0.8612433533022261
5.425425425425425,1.2645448566198727,0.7838590392864704
5.435435435435435,1.513419201070663,0.3032162514321907
5.445445445445445,-0.953541129589627,0.2156608324698605
5.455455455455455,-0.7345508722774077,0.3699967355940826
5.465465465465465,-0.5373229173732441,0.015611052907431533
5.475475475475475,-1.1010764682432603,0.21384143186011195
5.485485485485485,-0.6051407022294383,0.24428707836358438
5.495495495495495,-0.5812554766507403,0.27368550285998106
5.505505505505505,0.3823582642311237,-0.05461602810780345
5.515515515515515,0.7497895209066896,-0.1380672684036955
5.525525525525525,1.5833459286589733,-0.33529144513885834
5.535535535535535,0.9159949890832424,-0.3868019031295319
5.545545545545545,0.44504321541668385,-0.32757689885427493
5.555555555555555,-0.5479586263868926,-0.2685470419624282
5.565565565565565,-1.0731922235613227,-0.2176897409211529
5.575575575575575,-1.215625230371792,-0.6178455928151443
5.585585585585585,-0.5896216241824515,-0.21366721416120976
5.595595595595595,-0.4837103940186142,-0.6193992869739039
5.605605605605605,0.4898609622427789,-0.620182712436862
5.615615615615615,1.8688422816384014,-0.8136506966351771
5.625625625625625,1.4347898439119267,-1.1947289443490134
5.635635635635635,0.6218912758024993,-0.5759371592257443
5.645645645645645,0.8707986819657798,-0.6452661113231957
5.655655655655655,-0.5519611992050333,-0.8856546229487254
5.665665665665665,-1.8519487012296838,-0.8494654148409552
5.675675675675675,-1.5031421216633851,-0.7897380146087458
5.685685685685685,-1.7183465867214118,-1.2319663027675132
5.6956956956956954,-0.4429193581552095,-1.048162997003576
5.7057057057057055,0.3600792404460719,-0.80266837432276
5.7157157157157155,1.6728414043854376,-1.2277457599953416
5.7257257257257255,1.1624242466409107,-0.9296798042001468
5.7357357357357355,0.6714402032415118,-1.267302726963785
5.7457457457457455,0.6788336599083933,-0.9063567711755247
5.7557557557557555,-1.4593807736302387,-1.0064744329214776
5.7657657657657655,-0.7185435299114672,-1.3181240086313681
5.7757757757757755,-0.6133796772837883,-0.7539662241617258
5.7857857857857855,-1.518315708473444,-1.121746162034145
5.7957957957957955,0.3107805111913254,-1.120937182127528
5.8058058058058055,0.5260008921613879,-0.89903983817358
5.8158158158158155,0.6304266417547952,-0.6859793586144283
5.8258258258258255,1.315045044129602,-1.0918032304480358
5.8358358358358355,1.912393428384524,-0.8457208608860955
5.8458458458458455,0.34899269695815727,-0.7383183560372502
5.8558558558558556,-0.23557843649436178,-0.6482265739189634
5.865865865865866,-1.0694625502286574,-0.7112138772726114
5.875875875875876,-1.423408256602919,-0.7766102468973501
5.885885885885886,-0.35989582060748626,-0.8226444293989366
5.895895895895896,-0.6830619893547571,-0.5912207443849431
5.905905905905906,0.39840433239134904,-0.7717943786587671
5.915915915915916,0.6026565739174826,-1.0883496524902463
5.925925925925926,1.2377980711444654,-0.36148721936893147
5.935935935935936,0.9399038460322049,-0.21095708450316408
5.945945945945946,0.7707480335140964,-0.8057262818504274
5.955955955955956,-0.6205583112525702,-0.4751642945504585
5.965965965965966,-0.9781176400328941,-0.0883852339814695
5.975975975975976,-1.4875022299293017,0.2611242721283989
5.985985985985986,-0.9932208427367992,-0.08378016687598684
5.995995995995996,-0.06028330794449566,-0.17075583363520586
6.006006006006006,0.7469697031328955,0.0011486044577430285
6.016016016016016,0.3837840468669866,0.37543712168180293
6.026026026026026,1.4327256750810757,0.0336056763401823
6.036036036036036,1.4468869359768166,0.06465300730752097
6.046046046046046,0.4526040373657394,0.1887478616376395
6.056056056056056,0.5670008724715034,0.15430781214284153
6.066066066066066,-1.233439489881824,0.42782038568293773
6.076076076076076,-1.6200425408519732,0.7849400290925179
6.086086086086086,-1.6564143193077683,0.5795191448640169
6.096096096096096,0.5051849703659571,0.5172953856694463
6.106106106106106,0.7014978281010011,0.560021428133106
6.116116116116116,0.8204223644575472,0.3539177514430377
6.126126126126126,1.1374821097544137,0.8887142408604526
6.136136136136136,0.2022882738087377,0.7392452881582368
6.146146146146146,1.462661373306205,0.7584523211943153
6.156156156156156,-0.3126186733151014,1.469763395884665
6.166166166166166,-0.7951787238882078,0.9241993371329997
6.176176176176176,-0.6343872274234914,0.74397900311199
6.186186186186186,-0.5224992185032126,0.8354175438117529
6.196196196196196,-0.12478919815217847,1.17308924011093
6.206206206206206,-0.015097429599122136,0.9850345913441859
6.216216216216216,1.0872633163012726,0.6898996432842117
6.226226226226226,1.938045668016208,1.172710066678476
6.236236236236236,1.4336773487391672,0.862634093590755
6.246246246246246,1.0302680092839687,1.3743814295138979
6.256256256256256,-0.6386544108187419,1.2152371053390094
6.266266266266266,-1.3479761433226718,0.9053173403508356
6.276276276276276,-1.0596799002068602,1.2426054090427376
6.286286286286286,-0.7310608353237581,0.9876929825442183
6.296296296296296,0.3164798884930078,1.1285442473399332
6.306306306306306,-0.4602827558621075,1.0350153903550623
6.316316316316316,1.619585051037217,0.7451672684469939
6.326326326326326,0.9175256536608446,0.758482307945113
6.336336336336336,0.543431217031304,1.0624297594095813
6.346346346346346,-0.2784974227539665,0.7553411151775025
6.356356356356356,-1.2162770645242376,0.7041733492380085
6.366366366366366,-0.4448523039123683,0.5533815300185492
6.376376376376376,-0.9596039271043559,0.7856851498862927
6.386386386386386,-1.399793177431354,1.0672576822883695
6.396396396396396,-0.8720307946694241,0.39244429341269593
6.406406406406406,0.22385170307529062,0.5595967457186737
6.416416416416417,1.6925675935003883,0.7838052036706934
6.426426426426427,0.8661906903573012,0.43005844743593113
6.436436436436437,0.0011747619388984276,0.47932308784133515
6.446446446446447,0.09855430027858364,0.11769434477145788
6.456456456456457,-0.5309972876232776,0.35585314032531173
6.466466466466467,-2.208110901651531,0.17171307993665347
6.476476476476477,-1.022847404965744,0.3444111037561125
6.486486486486487,-0.8661395703570658,0.3222831347884612
6.496496496496497,0.12974511616205847,0.5399241123299481
6.506506506506507,1.322001097556579,0.07505643520200425
6.516516516516517,1.4245523427131048,-0.03843090051580937
6.526526526526527,0.8609593852565982,-0.12702362625324654
6.536536536536537,0.19532799396416378,-0.2981880234382175
6.546546546546547,1.5019680423700343,-0.220612421579885
6.556556556556557,-0.3707974491605452,-0.40700379472208836
6.566566566566567,-0.855898912329449,-0.37246979530055185
6.576576576576577,-1.0071601890052695,-0.19927481584570655
6.586586586586587,-0.6474598079441388,-0.7189050735178096
6.596596596596597,-0.2843962921445016,-0.34237627835209267
6.606606606606607,0.11645531904389256,-0.3574289813752685
6.616616616616617,0.591019284839684,-0.6925105791425564
6.626626626626627,0.9784050843745831,-1.138667616228739
6.636636636636637,0.4726936603215187,-0.8784361494238802
6.646646646646647,-0.1472809584010393,-0.5370549501927071
6.656656656656657,-0.35294687670854535,-0.837460046100552
6.666666666666667,-0.993514012494877,-1.0658858502434212
6.676676676676677,-0.24245946146393105,-0.9966947079308978
6.686686686686687,-2.0677874459421033,-0.7537878843843151
6.696696696696697,0.33968771454955426,-0.8350916917405526
6.706706706706707,1.0320762381895736,-1.0110166107278524
6.716716716716717,-0.16910162853646715,-1.051577817496146
6.726726726726727,0.8227765604497637,-1.0676790194622574
6.736736736736737,0.5544712637040417,-1.1810116398500372
6.746746746746747,-0.5007683953321566,-0.676715956370038
6.756756756756757,-0.8008095920394356,-1.0635630600469494
6.766766766766767,-1.424440914334915,-0.7510242515901783
6.776776776776777,-0.11763970629361253,-0.681617213062905
6.786786786786787,-0.2702343350586082,-0.7737441011264108
6.796796796796797,0.4358703622722735,-1.0434069185418815
6.806806806806807,0.7756008131270218,-0.8562286812001159
6.816816816816817,0.3061780145565105,-0.9180004484511672
6.826826826826827,0.7311595375779245,-1.066477280542554
6.836836836836837,0.9806353480980682,-0.7899380349626058
6.846846846846847,-0.41423896297825735,-1.0563105333390461
6.856856856856857,-0.06112499712026215,-0.5454147485161502
6.866866866866867,-0.992408897098547,-0.8352260012052899
6.876876876876877,-1.1804649929151683,-0.6584871311777987
6.886886886886887,-0.3783353411749937,-0.5957149622125637
6.896896896896897,0.028390904506103654,-0.6552272338042396
6.906906906906907,0.23999643035965562,-0.43479488605801575
6.916916916916917,1.4534447715948415,-0.5936184025654995
6.926926926926927,0.4521480230835745,-0.2689104011526769
6.936936936936937,1.039643129573828,-0.6551454950446809
6.946946946946947,0.48720527401728364,-0.30192712494848795
6.956956956956957,-0.5781038757135029,0.1206231836771341
6.966966966966967,-0.7122383895567388,-0.40613197633280507
6.976976976976977,-1.6178517558474692,-0.27970292517292905
6.986986986986987,-0.2675145815187229,0.02110946806857289
6.996996996996997,-0.2800177215973117,0.01704905160345311
7.007007007007007,0.16481610211293235,0.1141381218770911
7.017017017017017,1.4013258881516062,0.20455489140089328
7.027027027027027,0.6397285899874952,0.29594511403420176
7.037037037037037,0.023142993391259914,0.4525558391336875
7.047047047047047,-0.5938377799584709,0.3732826946612495
7.057057057057057,-0.12601537838951543,0.30261851992761896
7.067067067067067,-1.518543654830914,0.543548382181293
7.077077077077077,-0.11409900260520145,0.8455561187729983
7.087087087087087,-1.7661767027022552,0.49375796270506583
7.097097097097097,0.6668430482723706,0.3780263937078906
7.107107107107107,0.5373675866146075,0.8447303017956079
7.117117117117117,0.8314714398812328,0.647154986550183
7.127127127127127,0.718622403264545,0.2819600142799739
7.137137137137137,0.9226112412375478,0.928407626898174
7.147147147147147,0.15947431994555777,0.6912859014836202
7.157157157157157,0.11695785985387214,0.8165160917869864
7.167167167167167,-0.8242044877787825,0.9339895537814036
7.177177177177177,-0.9155071178384944,0.9352333118981255
7.187187187187187,-0.9026733250315222,1.06501596262212
7.197197197197197,-0.20366925511241735,0.8583700984798939
7.207207207207207,0.5914238949029189,1.0666915064513678
7.217217217217217,0.027715716396298107,0.9269516218970778
7.227227227227227,0.31613154243834474,1.1375428119012843
7.237237237237237,1.090316171879911,1.1198599369596447
7.247247247247247,0.2575322018281633,0.8127626865493814
7.257257257257257,-0.532340281110936,1.216156982993834
7.267267267267267,-0.8750558164760683,0.8869276684671298
7.277277277277277,-0.8159898630429521,1.1469605201238453
7.287287287287287,-0.9863737636374854,1.0461385173834288
7.297297297297297,-0.5581531830230374,1.323803470098277
7.307307307307307,0.5410924881929362,0.8911781090794417
7.317317317317317,0.3965505195889965,0.8420116650913956
7.327327327327327,1.1934537675107348,0.8803888618312308
7.337337337337337,-0.13699516569187153,0.792537776626539
7.347347347347347,0.6804783052315759,0.9786892347542373
7.357357357357357,-0.209687984478516,0.4577283459586009
7.367367367367367,-0.7591774072516717,0.5294552128726759
7.377377377377377,-0.4975187877906772,0.4829052937333835
7.387387387387387,0.12064493680026878,0.8400474414483644
7.397397397397397,0.34438652034397754,0.9430583086795075
7.407407407407407,-0.47163793546535604,0.5286191343633138
7.4174174174174174,0.24885038328450648,0.4621449740463859
7.4274274274274275,0.6759821017856331,0.45435904555725676
7.4374374374374375,0.7229264173998456,0.6154222331248098
7.4474474474474475,0.4185244380221129,0.13875916864625637
7.4574574574574575,-0.8144791029536245,0.3118046658635665
7.4674674674674675,-0.7966932885833642,0.3980269779832465
7.4774774774774775,-1.3656001931168404,0.2412601659128905
7.4874874874874875,-1.013421380382485,0.11645379488542346
7.4974974974974975,-0.8599203125526795,0.21593225757047033
7.5075075075075075,-0.007205876610585971,-0.587800027952149
7.5175175175175175,0.21566336989011048,0.02573135236368153
7.5275275275275275,0.499479666968125,-0.3029146193896508
7.5375375375375375,1.2322579654498855,-0.5998012753355448
7.5475475475475475,-0.3212163925197358,-0.1920853354142838
7.5575575575575575,0.8589812297396353,-0.07908141009374253
7.5675675675675675,-0.6462669077091133,-0.43939095116953025
7.5775775775775776,-0.894496033205727,-0.2777856268920693
7.587587587587588,-1.1323835691713098,-0.20051206661807336
7.597597597597598,0.19978011789053085,-0.3125239620530781
7.607607607607608,0.17218542427969724,-0.2977772709775281
7.617617617617618,0.9553421204536935,-0.525133428672486
7.627627627627628,2.2664444058301174,-0.7035973970882164
7.637637637637638,0.6529353869052978,-1.081360488041101
7.647647647647648,0.7219017677630158,-0.8494538202800196
7.657657657657658,-0.8143825355302081,-1.0050001280290146
7.667667667667668,-0.9132339689337181,-0.4349644481024348
7.677677677677678,-0.10048010562964793,-0.933695318606332
7.687687687687688,-1.0122025912462829,-0.8996892182204106
7.697697697697698,0.7620703479304605,-0.8361899145267575
7.707707707707708,0.8194556995216525,-0.9561804794202482
7.717717717717718,0.6158999879951582,-0.6404890912949652
7.727727727727728,1.3015528299953858,-1.1147541258380889
7.737737737737738,1.182743102862584,-0.9581119287312414
7.747747747747748,0.4519463130335155,-1.1483939889063586
7.757757757757758,-1.253472896277889,-1.2628167764714104
7.767767767767768,-1.2620867440323007,-1.1161287461864817
7.777777777777778,-1.108567070787961,-0.9922151124218905
7.787787787787788,-0.7314225206907494,-1.0578066543556865
7.797797797797798,0.1724087108026787,-1.093725353573058
7.807807807807808,0.5599872095496372,-1.2160221494015186
7.817817817817818,0.23222187116826298,-0.9272008181177767
7.827827827827828,1.1743557319363525,-1.1837439875308204
7.837837837837838,0.9972317416194678,-0.699517944995393
7.847847847847848,0.4147072039721196,-0.8004030866060049
7.857857857857858,0.06648214018688303,-1.0705328854764793
7.867867867867868,-0.4842999682714842,-0.7999153470423159
7.877877877877878,-0.7541060865653956,-0.8446370872588408
7.887887887887888,-0.7247479447076017,-0.5837579795535618
7.897897897897898,-0.9621757555936434,-0.33032899718629877
7.907907907907908,0.6914841590126973,-0.9219133694227797
7.917917917917918,1.0064629712505775,-0.4701708460699909
7.927927927927928,1.1189151363933965,-0.469549569570235
7.937937937937938,0.049010200718978436,-0.24587178283350913
7.947947947947948,-0.4119509749222296,-0.2786140180366077
7.957957957957958,0.047139264377672685,-0.4114903767598569
7.967967967967968,-0.9237458603903277,-0.2637179723581291
7.977977977977978,-0.6417952382363228,-0.2971325093333552
7.987987987987988,-0.6709379024185796,0.13979936313731833
7.997997997997998,-0.11057996043246512,-0.008316288104355394
8.008008008008009,0.9513364367900581,0.430532707513969
8.018018018018019,0.6472861354739144,0.10083670866615406
8.028028028028029,1.0300161277679967,0.033515089869778775
8.038038038038039,0.45166527281066216,-0.06601166823088628
8.048048048048049,-0.09491058933770659,-0.06329809858401336
8.058058058058059,-0.6395331984518111,0.0399254998131342
8.068068068068069,-0.7955728769600339,0.4681901113077078
8.078078078078079,-1.2207304915852981,0.572881713729006
8.088088088088089,-0.05262392856849274,0.20940741222489867
8.098098098098099,-0.566519459845928,0.7570834223155958
8.108108108108109,0.394259121732951,0.531607786958954
8.118118118118119,0.688096530742456,0.7052385757597917
8.128128128128129,1.7042358593968965,1.0433113445756703
8.138138138138139,0.7764717240704192,0.9423716975446368
8.148148148148149,0.6320151838595026,0.7484170631738783
8.158158158158159,-1.2332181144348948,0.6598321536221683
8.168168168168169,-0.7757502448792764,0.44034081989926777
8.178178178178179,-0.5353125569104615,0.7560633866748339
8.188188188188189,-0.6347379787249389,0.8832995711561406
8.198198198198199,0.41977131610358254,0.7500613412901933
8.208208208208209,0.2345318368493185,0.9394706548968951
8.218218218218219,1.6152534236848157,0.9954983313139306
8.228228228228229,2.1289483611907354,0.9456868022078156
8.238238238238239,0.49213964666705656,0.8672700232081411
8.248248248248249,-0.11290754915791341,1.0336703625936394
8.258258258258259,0.23078291987448785,1.0870422409903382
8.268268268268269,-0.12208895144968734,0.7753398552292412
8.278278278278279,-1.2402909709905028,1.2664432823826217
8.288288288288289,-0.881324627888816,0.9514841258135235
8.298298298298299,-0.24760976980165023,0.9580760583177188
8.308308308308309,-0.1735875842761322,1.0752796482621565
8.318318318318319,0.45383535393091345,0.9559186040665886
8.328328328328329,0.4761425517571717,1.071945638892454
8.338338338338339,0.2849980911922242,0.9073009542310506
8.348348348348349,0.08624772013883868,0.6925856665581758
8.358358358358359,-0.3842537263194019,0.8493477045235075
8.368368368368369,-0.13918835303812993,0.5072028260199717
8.378378378378379,-1.4767322593170689,0.7136508101328485
8.388388388388389,-0.17439471394407785,0.638547437809801
8.398398398398399,-0.20745625996486458,0.5542732491793863
8.408408408408409,0.47934770096510776,0.5185358623437917
8.418418418418419,1.2531165745834927,0.1140681188168941
8.428428428428429,0.41552686458034416,0.32494809960620114
8.438438438438439,0.855413233897601,0.39579824453099344
8.448448448448449,0.18055862247483812,0.3502449932917853
8.458458458458459,-0.260567401964239,0.052524541243658185
8.468468468468469,-0.7723816798420999,0.4499665096406411
8.478478478478479,0.25143921898102706,-0.03842298963631752
8.488488488488489,-0.9807242319555369,0.2661573520259358
8.498498498498499,-0.3597007138284947,0.0948729446002311
8.508508508508509,0.19793123707147536,-0.18268053596181766
8.518518518518519,0.6404775473001612,0.2389692643966685
8.528528528528529,0.6568306088285847,-0.41701903750927266
8.538538538538539,1.2540018390896466,-0.055954548775733415
8.548548548548549,0.8013231466815932,-0.10021441400315648
8.558558558558559,-0.7975780748278781,-0.4938127714598636
8.568568568568569,-1.3356349179423086,-0.13913115219360372
8.578578578578579,-0.7391200684813264,-0.5239175255102335
8.588588588588589,-0.9332379074096984,-0.47057946289008323
8.598598598598599,0.22852700046671698,-0.528574581674362
8.608608608608609,0.616364800666432,-0.6575253533366651
8.618618618618619,0.1628170055542547,-0.5160326811827114
8.62862862862863,1.747874481103776,-0.564345439951066
8.63863863863864,1.552691534987484,-1.114739192105528
8.64864864864865,-0.22158842076664137,-0.5431290817913101
8.65865865865866,-0.711447340429881,-1.172280498065677
8.66866866866867,-0.7789791943227546,-0.6657369571511553
8.67867867867868,-0.8061778857624883,-0.6759200181804271
8.68868868868869,-0.3231004001853272,-1.1449051914483253
8.6986986986987,0.9234301675199735,-1.0306609911507119
8.70870870870871,0.43181109823460584,-1.1876745112552296
8.71871871871872,0.523976976925086,-1.0237311232777868
8.72872872872873,0.2830214406958834,-1.0526888035061674
8.73873873873874,0.28452090308268835,-0.8415656901406318
8.74874874874875,0.06197398512871784,-0.7379073466438253
8.75875875875876,0.37431121354309593,-0.7193493097125313
8.76876876876877,-1.183135829095413,-1.1054881944560282
8.77877877877878,-0.8600522336327866,-1.025540500928515
8.78878878878879,-0.6558043296737347,-1.307135328963987
8.7987987987988,0.5187945721416282,-1.114535685676668
8.80880880880881,1.7891117655681679,-0.7395353108602153
8.81881881881882,0.6600912324615116,-0.5848454951699004
8.82882882882883,0.7264820310112561,-1.1266977701924126
8.83883883883884,1.167273874473244,-0.9667075517433815
8.84884884884885,0.413211656733707,-0.8185283366155164
8.85885885885886,0.3950354741219848,-0.71903149711568
8.86886886886887,-0.6347478127423151,-0.8957360292610587
8.87887887887888,-1.1500937359133332,-0.6048528800854428
8.88888888888889,-0.3474601943403626,-0.7375554791007236
8.8988988988989,0.48522274569663953,-0.596258716013274
8.90890890890891,0.9412266907280238,-0.4323456219474504
8.91891891891892,1.1815260428501457,-0.48641048985144364
8.92892892892893,1.5030213764522595,-0.5191360311186104
8.93893893893894,1.2250232218958907,-0.39623696070918724
8.94894894894895,0.757070989145366,-0.33296353041656784
8.95895895895896,-0.20929281660726673,-0.3290222823767372
8.96896896896897,-1.0126160131127953,-0.2454999637703153
8.97897897897898,-0.8955539400194992,0.18803414526531967
8.98898898898899,-0.03470242749892494,0.04305484499346006
8.998998998999,-0.4713211255381473,-0.06538549692189889
9.00900900900901,0.7206412976738394,0.1959659300859374
9.01901901901902,0.7335463246649052,0.052451910784973355
9.02902902902903,0.9825003643695267,0.41601006338997837
9.03903903903904,1.2747580171480755,0.316765623818209
9.04904904904905,0.15526399889316095,0.28186851967378096
9.05905905905906,-0.5157379482820931,0.4521645989437197
9.06906906906907,-1.6112933599498127,0.10630428285551546
9.07907907907908,-0.5942087653836667,0.2513215556644647
9.08908908908909,-0.3103588853562885,0.292200598849511
9.0990990990991,1.0250523124689863,0.6117850161590139
9.10910910910911,0.3877133540716811,0.9796039758238422
9.11911911911912,1.0420808013116933,1.126762020593779
9.12912912912913,1.0912254194134225,0.8528222190485468
9.13913913913914,1.4193902449242621,0.867223089844491
9.14914914914915,0.005787307799598358,0.4456515701271204
9.15915915915916,-0.4047326017464412,0.732950537353247
9.16916916916917,-0.6296885087525692,0.7162231195310804
9.17917917917918,-0.8724174867371668,0.778449608018809
9.18918918918919,-0.8514368045709251,0.8942602635795515
9.1991991991992,0.04675042608581861,0.8550715248153872
9.20920920920921,1.0836947504234904,0.5714755863221332
9.21921921921922,0.42150100696163073,1.130938231977066
9.22922922922923,1.0313858057681853,0.7769474884494236
9.23923923923924,0.27570976938220043,1.0455645620184915
9.24924924924925,0.6446768838147615,1.4148054084257087
9.25925925925926,-1.3111024304627104,0.8144312399539836
9.26926926926927,-1.2153322291895927,0.48662218233425436
9.27927927927928,-0.7754644092838859,0.9259248734196819
9.28928928928929,0.15944784667892098,1.1898759586574024
9.2992992992993,-0.07688723255886215,1.3440772737285696
9.30930930930931,0.27453388300643333,0.6854553705693708
9.31931931931932,1.8775532339877365,1.005979607424195
9.32932932932933,0.2392232406858038,0.7852668872267574
9.33933933933934,-0.47855098346680247,0.8253552194692345
9.34934934934935,0.26087742446742995,1.3402818558662717
9.35935935935936,-0.805779966560425,0.4724787277096879
9.36936936936937,-1.4486852354615032,0.782423258400596
9.37937937937938,-0.6082022855869572,0.780923122982197
9.38938938938939,-0.4964833250306624,0.8575326916608977
9.3993993993994,-0.3197672080470855,0.6104306657001362
9.40940940940941,-0.08278562307385717,0.6005663302610385
9.41941941941942,1.3753823417598374,0.40661742323312766
9.42942942942943,1.2866218992264744,0.4828457423113488
9.43943943943944,0.5663213216774968,0.30275857870808975
9.44944944944945,0.9579037108356063,0.43661942220269956
9.45945945945946,-1.0950171693006594,0.17805599417640122
9.46946946946947,-1.7029918261721422,0.2660747238135007
9.47947947947948,-1.3066066373629484,0.12272473254487481
9.48948948948949,-0.6362217424443816,0.2912015437810519
9.4994994994995,0.09022753374220358,-0.0071340125099601335
9.50950950950951,0.4419594292902996,-0.41432095852458245
9.51951951951952,1.1173232037866432,0.13004677576434082
9.52952952952953,0.33400468225795876,-0.3656232669760135
9.53953953953954,1.3328244505820754,-0.3766398534836156
9.54954954954955,-0.012776731113192583,-0.42545627841548034
9.55955955955956,-0.006526650971302228,-0.09066249319105124
9.56956956956957,-0.7709897883454742,-0.8504654988522731
9.57957957957958,-0.7305100851477682,0.14811254444319227
9.58958958958959,-0.32356588087809984,-0.3224363985889123
9.5995995995996,0.1986990346192423,-0.5411002947160053
9.60960960960961,0.8891274660284927,-0.6465108859676425
9.61961961961962,1.6079763633377828,-0.6256921021916566
9.62962962962963,1.0562500971662205,-0.623149155897178
9.63963963963964,0.9604527550578412,-0.6400248893843052
9.64964964964965,-0.022856463217394478,-0.6966002408731151
9.65965965965966,0.14970661714687605,-0.8252640361351731
9.66966966966967,-1.2826345564104655,-0.9147725847392771
9.67967967967968,-0.05661263954287854,-0.9342229401927191
9.68968968968969,-0.6235252143855965,-0.9680386290248985
9.6996996996997,-0.7342548558435481,-0.7237177379266975
9.70970970970971,0.636984462097413,-0.8494166084459466
9.71971971971972,0.6049415438564033,-1.570033466230362
9.72972972972973,1.3764885092336145,-0.8607202799529247
9.73973973973974,0.2746236445119785,-0.9589754760844882
9.74974974974975,-0.20736867755033994,-1.0037405151177767
9.75975975975976,-1.5202772182426,-1.0758240626559237
9.76976976976977,-1.1726401493593868,-0.7674724236576114
9.77977977977978,-2.1671808209127863,-0.7930402944980562
9.78978978978979,-1.3903704981338012,-1.1234863168008724
9.7997997997998,0.3676287102333331,-0.8700340172582693
9.80980980980981,0.970975838825771,-1.1245470777368622
9.81981981981982,1.1602260276129237,-1.1812321325403847
9.82982982982983,0.47081806216414934,-1.002164720151147
9.83983983983984,0.5720409425628818,-0.6723880144792682
9.84984984984985,0.007632802680639065,-0.6189461542655266
9.85985985985986,-1.1598212940249,-0.6684571286792681
9.86986986986987,-0.19679898267621043,-0.5845089337525882
9.87987987987988,-0.5146805270895862,-0.5818614330607905
9.88988988988989,-0.7038503487524792,-0.766253229797706
9.8998998998999,0.007153486181219167,-0.5019094562660175
9.90990990990991,0.6873878011800194,-0.37622273819184915
9.91991991991992,-0.07137779385732623,-0.33133626783933245
9.92992992992993,0.8288190916241654,-0.18839493807750907
9.93993993993994,0.24984191100704706,-0.22681462537004246
9.94994994994995,-0.49766527273967726,-0.2390264198805539
9.95995995995996,-0.7262982239848256,-0.03490350680361062
9.96996996996997,-0.051628493875335524,-0.19287090522564965
9.97997997997998,-0.6310230440496696,-0.3018329604258431
9.98998998998999,-0.8738834600922448,-0.09546668283323415
10.0,0.28629139067808324,-0.14898052896129227
